op,target,delta,accepted,reason,old_epoch,new_epoch,old_t,new_t,old_exposure,final_exposure,transient_exposure,live_rows,stale_rows,public_rows,cert_weight,cert_verified,exact_final_rank,exact_transient_rank,metadata_guard_ns,cert_online_ns,cert_full_ns,local_compute_ns,local_verify_ns,local_update_ns,local_total_ns,total_ns,exact_rank_audit_ns
WIncrease,0,1,true,"accepted",0,1,10,10,1,2,2,2,0,0,10,true,0,0,18625,4446416,4444500,2483250,5850417,0,10203958,19115083,0
TIncrease,0,1,true,"accepted",0,1,10,11,1,1,1,1,0,0,10,true,0,0,14916,3998959,4183666,2060750,2934334,43041,6769458,14968833,0
WDecrease,0,1,true,"accepted",0,1,10,10,1,1,2,0,1,0,10,true,0,0,15709,4506250,4796500,2620500,3005375,13250,7734958,17055833,0
TDecrease,0,1,true,"accepted",0,1,10,9,1,2,3,1,0,1,10,true,0,0,20667,4377625,4948375,2327709,1873667,193000,6248500,15597250,0
WIncrease,0,1,true,"accepted",0,1,10,10,1,2,2,2,0,0,10,true,0,0,14583,4331000,4750708,3390709,6569792,0,12353500,21451625,0
TIncrease,0,1,true,"accepted",0,1,10,11,1,1,1,1,0,0,10,true,0,0,15542,4464291,4273292,2365166,2611417,15750,6858709,15613125,0
WDecrease,0,1,true,"accepted",0,1,10,10,1,1,2,0,1,0,10,true,0,0,16250,4057875,4545500,2469708,2727709,9042,7235417,15857334,0
TDecrease,0,1,true,"accepted",0,1,10,9,1,2,3,1,0,1,10,true,0,0,16500,4448291,4366750,1950458,1674083,234875,5639792,14472250,0
WIncrease,0,1,true,"accepted",0,1,10,10,1,2,2,2,0,0,10,true,0,0,14750,4087333,4306625,2794750,5833666,0,10385125,18794875,0
TIncrease,0,1,true,"accepted",0,1,10,11,1,1,1,1,0,0,10,true,0,0,14416,4385250,3694125,2025417,2663541,12375,6452958,14547708,0
WDecrease,0,1,true,"accepted",0,1,10,10,1,1,2,0,1,0,10,true,0,0,19583,4558167,5111667,2504833,3117292,13750,7648000,17341959,0
TDecrease,0,1,true,"accepted",0,1,10,9,1,2,3,1,0,1,10,true,0,0,18416,4598333,5174500,2246375,1975125,177708,6582875,16376834,0
WIncrease,0,1,true,"accepted",0,1,10,10,1,2,2,2,0,0,10,true,0,0,19208,4730417,4829667,3028833,5792917,0,10611416,20192584,0
TIncrease,0,1,true,"accepted",0,1,10,11,1,1,1,1,0,0,10,true,0,0,15125,4365042,4748583,2347792,2262250,10708,6663333,15794208,0
WDecrease,0,1,true,"accepted",0,1,10,10,1,1,2,0,1,0,10,true,0,0,17292,4943709,4273458,2858083,2409250,14250,7353041,16590416,0
TDecrease,0,1,true,"accepted",0,1,10,9,1,2,3,1,0,1,10,true,0,0,15375,4978208,4869583,2318291,1999375,168625,6971125,16836292,0
WIncrease,0,1,true,"accepted",0,1,10,10,1,2,2,2,0,0,10,true,0,0,17000,4853917,5172583,3288958,6725167,0,12035583,22083417,0
TIncrease,0,1,true,"accepted",0,1,10,11,1,1,1,1,0,0,10,true,0,0,15500,4068834,4438500,2213500,2459208,10459,6429625,14954709,0
WDecrease,0,1,true,"accepted",0,1,10,10,1,1,2,0,1,0,10,true,0,0,14709,4256167,4467458,2399334,3366542,14584,7964083,16704000,0
TDecrease,0,1,true,"accepted",0,1,10,9,1,2,3,1,0,1,10,true,0,0,17041,4606417,4699333,2236708,2017750,198541,6589125,15913709,0
WIncrease,0,1,true,"accepted",0,1,10,10,1,2,2,2,0,0,10,true,0,0,18875,4373875,4241416,3036166,6068542,0,10971500,19606500,0
TIncrease,0,1,true,"accepted",0,1,10,11,1,1,1,1,0,0,10,true,0,0,23000,4009333,4561084,2825083,2174875,11083,6756750,15351500,0
WDecrease,0,1,true,"accepted",0,1,10,10,1,1,2,0,1,0,10,true,0,0,15250,4172375,4620709,2466167,3027000,11625,7384500,16194625,0
TDecrease,0,1,true,"accepted",0,1,10,9,1,2,3,1,0,1,10,true,0,0,19416,4385000,4955250,2223708,2273250,169792,6722416,16085542,0
WIncrease,0,1,true,"accepted",0,1,10,10,1,2,2,2,0,0,10,true,0,0,17709,4600209,4110792,2671125,6103875,0,10580417,19310708,0
TIncrease,0,1,true,"accepted",0,1,10,11,1,1,1,1,0,0,10,true,0,0,15541,3823666,4360750,2291584,2152917,12291,6195417,14396667,0
WDecrease,0,1,true,"accepted",0,1,10,10,1,1,2,0,1,0,10,true,0,0,14667,4198875,4373958,2391667,2524042,13250,6667042,15255625,0
TDecrease,0,1,true,"accepted",0,1,10,9,1,2,3,1,0,1,10,true,0,0,14250,4177542,4151500,2038416,1676625,152584,5994541,14338584,0
WIncrease,0,1,true,"accepted",0,1,10,10,1,2,2,2,0,0,10,true,0,0,14000,4198459,4341542,2948542,5947334,0,10645666,19200541,0
TIncrease,0,1,true,"accepted",0,1,10,11,1,1,1,1,0,0,10,true,0,0,14916,4157541,4034708,1996792,2459584,10084,6234791,14443250,0
WDecrease,0,1,true,"accepted",0,1,10,10,1,1,2,0,1,0,10,true,0,0,17209,4493292,4209167,2226750,2598250,7583,6577125,15298167,0
TDecrease,0,1,true,"accepted",0,1,10,9,1,2,3,1,0,1,10,true,0,0,14541,4355500,4312541,2150000,1763166,183917,5884125,14568334,0
WIncrease,0,1,true,"accepted",0,1,10,10,1,2,2,2,0,0,10,true,0,0,16208,4644584,4791209,2908042,5667708,0,10599292,20052375,0
TIncrease,0,1,true,"accepted",0,1,10,11,1,1,1,1,0,0,10,true,0,0,14333,4199917,4519083,2157834,2366500,9208,6272417,15006625,0
WDecrease,0,1,true,"accepted",0,1,10,10,1,1,2,0,1,0,10,true,0,0,14250,4076542,4250917,2254333,2519291,11708,6529042,14871917,0
TDecrease,0,1,true,"accepted",0,1,10,9,1,2,3,1,0,1,10,true,0,0,14875,4016292,4353292,2105292,1674917,161375,5689750,14075125,0
WIncrease,0,1,true,"accepted",0,1,10,10,1,2,2,2,0,0,10,true,0,0,13792,4050417,4318000,3036000,5687958,0,10475792,18858583,0
TIncrease,0,1,true,"accepted",0,1,10,11,1,1,1,1,0,0,10,true,0,0,14875,4307833,4297250,2199125,2468208,8916,6427125,15048416,0
WDecrease,0,1,true,"accepted",0,1,10,10,1,1,2,0,1,0,10,true,0,0,14583,4088916,4362333,2867291,2228208,8667,6854000,15320292,0
TDecrease,0,1,true,"accepted",0,1,10,9,1,2,3,1,0,1,10,true,0,0,13792,4083167,4393667,2054209,1682625,151708,5621084,14112542,0
WIncrease,0,1,true,"accepted",0,1,10,10,1,2,2,2,0,0,10,true,0,0,13958,4112000,4232375,2762209,5710125,0,10386375,18745208,0
TIncrease,0,1,true,"accepted",0,1,10,11,1,1,1,1,0,0,10,true,0,0,13959,3622500,4344625,2167459,2523750,10709,6485875,14467708,0
WDecrease,0,1,true,"accepted",0,1,10,10,1,1,2,0,1,0,10,true,0,0,14625,4107875,4260375,2298666,2352042,10541,6488333,14871750,0
TDecrease,0,1,true,"accepted",0,1,10,9,1,2,3,1,0,1,10,true,0,0,14291,4159417,4221250,2006834,1672500,164500,5585500,13981083,0
WIncrease,0,1,true,"accepted",0,1,10,10,1,2,2,2,0,0,10,true,0,0,13875,4156708,3898000,3032667,5869292,0,10646042,18715208,0
TIncrease,0,1,true,"accepted",0,1,10,11,1,1,1,1,0,0,10,true,0,0,14250,4170542,4398875,2153291,2533167,14000,6435125,15019708,0
WDecrease,0,1,true,"accepted",0,1,10,10,1,1,2,0,1,0,10,true,0,0,14500,4070125,4198250,2075459,2965167,11917,6785125,15068833,0
TDecrease,0,1,true,"accepted",0,1,10,9,1,2,3,1,0,1,10,true,0,0,15416,4142000,4263167,2024458,1671250,168875,5603250,14025042,0
WIncrease,0,1,true,"accepted",0,1,10,10,1,2,2,2,0,0,10,true,0,0,13750,4311875,4208917,10543125,17109875,0,29816709,38352792,0
TIncrease,0,1,true,"accepted",0,1,10,11,1,1,1,1,0,0,10,true,0,0,19375,17218917,17927125,11297583,5426584,31125,20884167,56052917,0
WDecrease,0,1,true,"accepted",0,1,10,10,1,1,2,0,1,0,10,true,0,0,17667,5227750,5295542,4955959,5536083,15459,12524375,23068875,0
TDecrease,0,1,true,"accepted",0,1,10,9,1,2,3,1,0,1,10,true,0,0,27334,8105250,4874708,2304167,2180042,177959,6696708,19706875,0
WIncrease,0,1,true,"accepted",0,1,10,10,1,2,2,2,0,0,10,true,0,0,17208,4710042,4768250,3292875,6706625,0,12064125,21560917,0
TIncrease,0,1,true,"accepted",0,1,10,11,1,1,1,1,0,0,10,true,0,0,16792,4554042,4929250,2358708,2681417,16833,7267000,16768875,0
WDecrease,0,1,true,"accepted",0,1,10,10,1,1,2,0,1,0,10,true,0,0,16542,4720417,4986000,2769083,3144666,13583,8151083,17876875,0
TDecrease,0,1,true,"accepted",0,1,10,9,1,2,3,1,0,1,10,true,0,0,17292,4499500,5208375,2419333,1964334,171084,7010041,16736917,0
WIncrease,0,1,true,"accepted",0,1,10,10,1,2,2,2,0,0,10,true,0,0,16625,4903375,4893750,3101875,6657750,0,11858250,21673708,0
TIncrease,0,1,true,"accepted",0,1,10,11,1,1,1,1,0,0,10,true,0,0,17125,4655500,4729250,2201833,2594291,7833,6808833,16211917,0
WDecrease,0,1,true,"accepted",0,1,10,10,1,1,2,0,1,0,10,true,0,0,16708,4893958,4772625,2540083,3019458,9292,7831000,17515917,0
TDecrease,0,1,true,"accepted",0,1,10,9,1,2,3,1,0,1,10,true,0,0,16625,4401917,4250833,2010000,1675166,168083,5583625,14253958,0
WIncrease,0,1,true,"accepted",0,1,10,10,1,2,2,2,0,0,10,true,0,0,14875,3628417,4448417,2992458,5711458,0,10478416,18570417,0
TIncrease,0,1,true,"accepted",0,1,10,11,1,1,1,1,0,0,10,true,0,0,14375,4333375,4279042,1900792,2464375,9959,6134917,14762750,0
WDecrease,0,1,true,"accepted",0,1,10,10,1,1,2,0,1,0,10,true,0,0,14625,3738125,4361792,2304750,2578584,9250,6648708,14764750,0
TDecrease,0,1,true,"accepted",0,1,10,9,1,2,3,1,0,1,10,true,0,0,14584,4093291,4434000,2209417,1981292,168375,6118084,14660375,0
WIncrease,0,1,true,"accepted",0,1,10,10,1,2,2,2,0,0,10,true,0,0,16125,4492500,4881416,2779250,5666167,0,10193042,19584000,0
TIncrease,0,1,true,"accepted",0,1,10,11,1,1,1,1,0,0,10,true,0,0,14250,4113708,4759708,2199708,2441667,11750,6420792,15309583,0
WDecrease,0,1,true,"accepted",0,1,10,10,1,1,2,0,1,0,10,true,0,0,14375,4095125,4388250,2357042,2641416,8625,6767458,15266292,0
TDecrease,0,1,true,"accepted",0,1,10,9,1,2,3,1,0,1,10,true,0,0,13708,4062417,4482166,2084208,1684209,176000,5679084,14237834,0
WIncrease,0,1,true,"accepted",0,1,10,10,1,2,2,2,0,0,10,true,0,0,14208,4118917,4201542,2465667,5707708,0,10101667,18437000,0
TIncrease,0,1,true,"accepted",0,1,10,11,1,1,1,1,0,0,10,true,0,0,18667,3508250,4217042,1789792,2391250,10750,6294084,14038833,0
WDecrease,0,1,true,"accepted",0,1,10,10,1,1,2,0,1,0,10,true,0,0,15958,4098375,4140208,2442166,2211250,7791,6595000,14850375,0
TDecrease,0,1,true,"accepted",0,1,10,9,1,2,3,1,0,1,10,true,0,0,14750,4088209,4697792,2180667,2200333,236833,6669541,15471584,0
WIncrease,0,1,true,"accepted",0,1,10,10,1,2,2,2,0,0,10,true,0,0,16666,4793000,4327459,3029833,6200000,0,11007500,20145667,0
TIncrease,0,1,true,"accepted",0,1,10,11,1,1,1,1,0,0,10,true,0,0,14083,4297042,4117875,2263625,2499958,11042,7032208,15462417,0
WDecrease,0,1,true,"accepted",0,1,10,10,1,1,2,0,1,0,10,true,0,0,14959,4552000,4844583,2746417,2606709,9833,7391708,16804375,0
TDecrease,0,1,true,"accepted",0,1,10,9,1,2,3,1,0,1,10,true,0,0,14584,4196375,4199250,2417958,1723166,154084,6121125,14532791,0
WIncrease,0,1,true,"accepted",0,1,10,10,1,2,2,2,0,0,10,true,0,0,15625,3968250,4554875,3067500,7163709,0,12267250,20807541,0
TIncrease,0,1,true,"accepted",0,1,10,11,1,1,1,1,0,0,10,true,0,0,14916,4324417,4233250,2522084,2279292,11375,6873709,15448333,0
WDecrease,0,1,true,"accepted",0,1,10,10,1,1,2,0,1,0,10,true,0,0,17541,4146792,4106458,2590125,2910833,11292,7301583,15573459,0
TDecrease,0,1,true,"accepted",0,1,10,9,1,2,3,1,0,1,10,true,0,0,14791,4788458,4903583,2173042,1934875,182666,6871125,16579625,0
WIncrease,0,1,true,"accepted",0,1,10,10,1,2,2,2,0,0,10,true,0,0,16458,4892666,5198334,3347292,6627458,0,11928958,22038584,0
TIncrease,0,1,true,"accepted",0,1,10,11,1,1,1,1,0,0,10,true,0,0,16625,4227000,4597458,2133584,2251625,14000,6209167,15051917,0
WDecrease,0,1,true,"accepted",0,1,10,10,1,1,2,0,1,0,10,true,0,0,15291,3949042,4580208,2390291,2664709,9917,6864167,15410417,0
TDecrease,0,1,true,"accepted",0,1,10,9,1,2,3,1,0,1,10,true,0,0,14583,4166833,4411917,2198042,1938709,173458,6586958,15181583,0
WIncrease,0,1,true,"accepted",0,1,10,10,1,2,2,2,0,0,10,true,0,0,16792,4518334,4165208,2524750,5765833,0,10293500,18994917,0
TIncrease,0,1,true,"accepted",0,1,10,11,1,1,1,1,0,0,10,true,0,0,15000,4090542,4486333,2101041,2599167,10500,6447125,15040125,0
WDecrease,0,1,true,"accepted",0,1,10,10,1,1,2,0,1,0,10,true,0,0,14208,4026792,3998542,2194083,2584834,9000,6755875,14795834,0
TDecrease,0,1,true,"accepted",0,1,10,9,1,2,3,1,0,1,10,true,0,0,14333,4080042,4008334,1925958,1834583,173458,5670542,13773708,0
WIncrease,0,1,true,"accepted",0,1,10,10,1,2,2,2,0,0,10,true,0,0,14541,4119500,4096792,3022958,5952792,0,10764791,18996333,0
TIncrease,0,1,true,"accepted",0,1,10,11,1,1,1,1,0,0,10,true,0,0,14667,4072417,4223792,2394667,2376625,9333,6521250,14833542,0
WDecrease,0,1,true,"accepted",0,1,10,10,1,1,2,0,1,0,10,true,0,0,14625,4082000,4209625,2355333,2772708,11292,6886416,15193459,0
TDecrease,0,1,true,"accepted",0,1,10,9,1,2,3,1,0,1,10,true,0,0,14958,4042625,4176208,2029667,1669500,204833,5631625,13866042,0
WIncrease,0,1,true,"accepted",0,1,10,10,1,2,2,2,0,0,10,true,0,0,13583,4135500,4410083,2725583,5921334,0,10387416,18947333,0
TIncrease,0,1,true,"accepted",0,1,10,11,1,1,1,1,0,0,10,true,0,0,14333,4131583,4267375,2080708,2462042,12208,6284583,14698542,0
WDecrease,0,1,true,"accepted",0,1,10,10,1,1,2,0,1,0,10,true,0,0,14333,4311291,4235458,2329625,2626167,9625,6697500,15259125,0
TDecrease,0,1,true,"accepted",0,1,10,9,1,2,3,1,0,1,10,true,0,0,13750,3985458,4288292,2042500,1667333,148333,5615834,13903958,0
WIncrease,0,1,true,"accepted",0,1,10,10,1,2,2,2,0,0,10,true,0,0,13625,4080083,4079666,2993500,5650958,0,10392208,18565875,0
TIncrease,0,1,true,"accepted",0,1,10,11,1,1,1,1,0,0,10,true,0,0,13875,4200833,4247125,2157583,2459208,7875,6387041,14849541,0
WDecrease,0,1,true,"accepted",0,1,10,10,1,1,2,0,1,0,10,true,0,0,14667,3574250,4342375,2209958,2715667,9166,6699500,14631375,0
TDecrease,0,1,true,"accepted",0,1,10,9,1,2,3,1,0,1,10,true,0,0,14250,4072875,4448959,2052291,1709750,152209,5653083,14190125,0
WIncrease,0,1,true,"accepted",0,1,10,10,1,2,2,2,0,0,10,true,0,0,14375,4000708,4238584,2621625,5671500,0,10296292,18550500,0
TIncrease,0,1,true,"accepted",0,1,10,11,1,1,1,1,0,0,10,true,0,0,14084,4073042,4398167,2080875,2485875,10417,6312208,14798542,0
WDecrease,0,1,true,"accepted",0,1,10,10,1,1,2,0,1,0,10,true,0,0,14125,4171416,4258125,2612542,2220166,11833,6769042,15213792,0
TDecrease,0,1,true,"accepted",0,1,10,9,1,2,3,1,0,1,10,true,0,0,15333,4095500,4246458,2019333,1675167,159625,5840417,14198208,0
WIncrease,0,1,true,"accepted",0,1,10,10,1,2,2,2,0,0,10,true,0,0,13625,4099042,4160750,3176375,5782000,0,10699042,18973666,0
TIncrease,0,1,true,"accepted",0,1,10,11,1,1,1,1,0,0,10,true,0,0,15750,4084459,4218584,2017000,2393500,9625,6165792,14485125,0
WDecrease,0,1,true,"accepted",0,1,10,10,1,1,2,0,1,0,10,true,0,0,15125,4529250,4208500,2453750,2620375,12500,6822125,15575458,0
TDecrease,0,1,true,"accepted",0,1,10,9,1,2,3,1,0,1,10,true,0,0,14083,4146375,4211708,2041083,1741916,203333,5717875,14090750,0
WIncrease,0,1,true,"accepted",0,1,10,10,1,2,2,2,0,0,10,true,0,0,14042,3947291,4253417,2964709,5827708,0,10535459,18750541,0
TIncrease,0,1,true,"accepted",0,1,10,11,1,1,1,1,0,0,10,true,0,0,14375,4016125,4231042,2188041,2690209,20375,6625917,14888333,0
WDecrease,0,1,true,"accepted",0,1,10,10,1,1,2,0,1,0,10,true,0,0,14541,4102042,4227541,2065666,2601375,12791,6411166,14756084,0
TDecrease,0,1,true,"accepted",0,1,10,9,1,2,3,1,0,1,10,true,0,0,13458,4116458,4273500,2052167,1666125,167666,5623958,14027917,0
WIncrease,0,1,true,"accepted",0,1,10,10,1,2,2,2,0,0,10,true,0,0,13834,4167292,4231792,3244167,5691709,0,10706583,19119875,0
TIncrease,0,1,true,"accepted",0,1,10,11,1,1,1,1,0,0,10,true,0,0,13958,4195500,4188250,2045292,2475708,10541,6273875,14672041,0
WDecrease,0,1,true,"accepted",0,1,10,10,1,1,2,0,1,0,10,true,0,0,14667,4184500,4347583,2371875,2207750,8416,6355792,14904000,0
TDecrease,0,1,true,"accepted",0,1,10,9,1,2,3,1,0,1,10,true,0,0,13458,4157625,4110209,2046959,1682875,164542,5680209,13961917,0
WIncrease,0,1,true,"accepted",0,1,10,10,1,2,2,2,0,0,10,true,0,0,13750,4069125,4270417,3026708,5677833,0,10447750,18802416,0
TIncrease,0,1,true,"accepted",0,1,10,11,1,1,1,1,0,0,10,true,0,0,13333,4122500,4254708,2208166,2432875,7958,6396708,14788250,0
WDecrease,0,1,true,"accepted",0,1,10,10,1,1,2,0,1,0,10,true,0,0,14458,4045750,4424917,2090625,2602416,8833,6502667,14988417,0
TDecrease,0,1,true,"accepted",0,1,10,9,1,2,3,1,0,1,10,true,0,0,14000,4039042,4579625,1624583,1700208,159417,5404000,14037334,0
